Date,Product_Category,Units_Sold,Revenue,Date_Formatted,Year,Month,Day,Day_of_Week
1/1/2022,Clothing,177.0,2862.96,2022-01-01,2022,1,1,5
1/1/2022,Clothing,84.0,2541.73,2022-01-01,2022,1,1,5
1/2/2022,Electronics,185.0,4920.2,2022-01-02,2022,1,2,6
1/3/2022,Electronics,95.0,4259.79,2022-01-03,2022,1,3,0
1/3/2022,Clothing,158.0,1296.68,2022-01-03,2022,1,3,0
1/3/2022,Electronics,82.0,3971.07,2022-01-03,2022,1,3,0
1/4/2022,Clothing,12.0,1260.8,2022-01-04,2022,1,4,1
1/4/2022,Clothing,121.0,4828.93,2022-01-04,2022,1,4,1
1/5/2022,Electronics,126.0,737.05,2022-01-05,2022,1,5,2
1/5/2022,Electronics,122.0,2233.57,2022-01-05,2022,1,5,2
1/6/2022,Electronics,16.0,2752.94,2022-01-06,2022,1,6,3
1/6/2022,Electronics,1.0,2834.32,2022-01-06,2022,1,6,3
1/6/2022,Clothing,24.0,2873.78,2022-01-06,2022,1,6,3
1/7/2022,Electronics,8.0,4177.29,2022-01-07,2022,1,7,4
1/8/2022,Clothing,121.0,3208.88,2022-01-08,2022,1,8,5
1/9/2022,Clothing,154.0,521.15,2022-01-09,2022,1,9,6
1/10/2022,Clothing,19.0,1024.14,2022-01-10,2022,1,10,0
1/10/2022,Electronics,167.0,777.38,2022-01-10,2022,1,10,0
1/10/2022,Electronics,87.0,1765.31,2022-01-10,2022,1,10,0
1/11/2022,Clothing,172.0,3179.06,2022-01-11,2022,1,11,1
1/11/2022,Clothing,145.0,2468.08,2022-01-11,2022,1,11,1
1/11/2022,Electronics,90.0,1606.7,2022-01-11,2022,1,11,1
1/12/2022,Electronics,85.0,3874.89,2022-01-12,2022,1,12,2
1/12/2022,Clothing,179.0,2668.87,2022-01-12,2022,1,12,2
1/12/2022,Clothing,37.0,3771.9,2022-01-12,2022,1,12,2
1/12/2022,Electronics,170.0,3937.74,2022-01-12,2022,1,12,2
1/12/2022,Electronics,7.0,4150.58,2022-01-12,2022,1,12,2
1/13/2022,Clothing,53.0,3276.94,2022-01-13,2022,1,13,3
1/13/2022,Clothing,118.0,736.21,2022-01-13,2022,1,13,3
1/15/2022,Clothing,60.0,2301.88,2022-01-15,2022,1,15,5
1/15/2022,Electronics,102.0,1271.71,2022-01-15,2022,1,15,5
1/15/2022,Electronics,120.0,2845.68,2022-01-15,2022,1,15,5
1/15/2022,Clothing,0.0,3927.72,2022-01-15,2022,1,15,5
1/16/2022,Electronics,67.0,703.14,2022-01-16,2022,1,16,6
1/17/2022,Electronics,75.0,1337.09,2022-01-17,2022,1,17,0
1/17/2022,Electronics,156.0,4234.39,2022-01-17,2022,1,17,0
1/19/2022,Electronics,61.0,3113.29,2022-01-19,2022,1,19,2
1/19/2022,Electronics,105.0,884.2,2022-01-19,2022,1,19,2
1/19/2022,Clothing,10.0,1996.17,2022-01-19,2022,1,19,2
1/20/2022,Clothing,70.0,2856.46,2022-01-20,2022,1,20,3
1/20/2022,Electronics,98.0,2824.42,2022-01-20,2022,1,20,3
1/21/2022,Clothing,181.0,675.41,2022-01-21,2022,1,21,4
1/21/2022,Electronics,156.0,2428.84,2022-01-21,2022,1,21,4
1/22/2022,Clothing,178.0,3361.34,2022-01-22,2022,1,22,5
1/22/2022,Clothing,45.0,1510.63,2022-01-22,2022,1,22,5
1/22/2022,Clothing,55.0,2551.16,2022-01-22,2022,1,22,5
1/23/2022,Clothing,148.0,1010.89,2022-01-23,2022,1,23,6
1/24/2022,Clothing,189.0,4210.64,2022-01-24,2022,1,24,0
1/25/2022,Electronics,179.0,2930.17,2022-01-25,2022,1,25,1
1/25/2022,Electronics,190.0,1962.31,2022-01-25,2022,1,25,1
1/25/2022,Electronics,95.0,3770.76,2022-01-25,2022,1,25,1
1/26/2022,Electronics,40.0,4962.78,2022-01-26,2022,1,26,2
1/26/2022,Clothing,56.0,2951.71,2022-01-26,2022,1,26,2
1/27/2022,Electronics,158.0,4417.52,2022-01-27,2022,1,27,3
1/27/2022,Clothing,13.0,1703.02,2022-01-27,2022,1,27,3
1/27/2022,Clothing,126.0,792.83,2022-01-27,2022,1,27,3
1/27/2022,Electronics,140.0,2789.28,2022-01-27,2022,1,27,3
1/27/2022,Electronics,37.0,4827.99,2022-01-27,2022,1,27,3
1/27/2022,Clothing,156.0,4264.86,2022-01-27,2022,1,27,3
1/28/2022,Electronics,18.0,2912.15,2022-01-28,2022,1,28,4
1/29/2022,Clothing,17.0,4543.44,2022-01-29,2022,1,29,5
1/29/2022,Clothing,46.0,1089.36,2022-01-29,2022,1,29,5
1/30/2022,Clothing,83.0,2016.48,2022-01-30,2022,1,30,6
1/30/2022,Electronics,17.0,2144.7,2022-01-30,2022,1,30,6
1/31/2022,Clothing,78.0,2896.39,2022-01-31,2022,1,31,0
1/31/2022,Clothing,100.33503575076608,1971.97,2022-01-31,2022,1,31,0
1/31/2022,Electronics,100.33503575076608,1390.49,2022-01-31,2022,1,31,0
1/31/2022,Electronics,48.0,685.17,2022-01-31,2022,1,31,0
2/1/2022,Electronics,180.0,2380.47,2022-02-01,2022,2,1,1
2/2/2022,Electronics,54.0,4978.9,2022-02-02,2022,2,2,2
2/2/2022,Clothing,157.0,3130.25,2022-02-02,2022,2,2,2
2/2/2022,Electronics,39.0,3566.97,2022-02-02,2022,2,2,2
2/3/2022,Clothing,21.0,3765.77,2022-02-03,2022,2,3,3
2/3/2022,Clothing,37.0,2065.8,2022-02-03,2022,2,3,3
2/3/2022,Electronics,147.0,649.95,2022-02-03,2022,2,3,3
2/3/2022,Clothing,133.0,2607.49,2022-02-03,2022,2,3,3
2/3/2022,Clothing,135.0,4963.02,2022-02-03,2022,2,3,3
2/4/2022,Electronics,78.0,2777.606911157025,2022-02-04,2022,2,4,4
2/4/2022,Electronics,115.0,1705.1,2022-02-04,2022,2,4,4
2/5/2022,Electronics,167.0,3702.89,2022-02-05,2022,2,5,5
2/5/2022,Electronics,13.0,2777.606911157025,2022-02-05,2022,2,5,5
2/6/2022,Electronics,184.0,1410.79,2022-02-06,2022,2,6,6
2/7/2022,Electronics,124.0,4432.02,2022-02-07,2022,2,7,0
2/7/2022,Clothing,2.0,2581.05,2022-02-07,2022,2,7,0
2/7/2022,Clothing,127.0,4319.12,2022-02-07,2022,2,7,0
2/10/2022,Electronics,44.0,2444.19,2022-02-10,2022,2,10,3
2/10/2022,Clothing,66.0,3303.62,2022-02-10,2022,2,10,3
2/11/2022,Electronics,7.0,4603.57,2022-02-11,2022,2,11,4
2/11/2022,Electronics,200.0,3368.22,2022-02-11,2022,2,11,4
2/12/2022,Clothing,179.0,3043.9,2022-02-12,2022,2,12,5
2/12/2022,Clothing,172.0,1030.1,2022-02-12,2022,2,12,5
2/13/2022,Clothing,158.0,3574.56,2022-02-13,2022,2,13,6
2/13/2022,Electronics,72.0,1399.21,2022-02-13,2022,2,13,6
2/14/2022,Clothing,48.0,3863.77,2022-02-14,2022,2,14,0
2/14/2022,Electronics,47.0,2105.16,2022-02-14,2022,2,14,0
2/14/2022,Clothing,176.0,501.22,2022-02-14,2022,2,14,0
2/14/2022,Electronics,187.0,3519.07,2022-02-14,2022,2,14,0
2/16/2022,Electronics,0.0,1323.41,2022-02-16,2022,2,16,2
2/16/2022,Electronics,28.0,2004.98,2022-02-16,2022,2,16,2
2/16/2022,Clothing,45.0,4981.08,2022-02-16,2022,2,16,2
2/17/2022,Clothing,22.0,3099.61,2022-02-17,2022,2,17,3
2/18/2022,Clothing,159.0,3321.42,2022-02-18,2022,2,18,4
2/18/2022,Electronics,96.0,4200.84,2022-02-18,2022,2,18,4
2/19/2022,Clothing,11.0,3423.61,2022-02-19,2022,2,19,5
2/19/2022,Electronics,7.0,1911.65,2022-02-19,2022,2,19,5
2/19/2022,Electronics,77.0,1434.23,2022-02-19,2022,2,19,5
2/19/2022,Electronics,39.0,3003.5,2022-02-19,2022,2,19,5
2/21/2022,Electronics,192.0,3249.4,2022-02-21,2022,2,21,0
2/21/2022,Electronics,70.0,4351.06,2022-02-21,2022,2,21,0
2/21/2022,Electronics,63.0,2681.46,2022-02-21,2022,2,21,0
2/22/2022,Electronics,148.0,2233.26,2022-02-22,2022,2,22,1
2/22/2022,Electronics,47.0,4291.69,2022-02-22,2022,2,22,1
2/22/2022,Electronics,54.0,1057.21,2022-02-22,2022,2,22,1
2/23/2022,Clothing,190.0,2166.9,2022-02-23,2022,2,23,2
2/23/2022,Clothing,78.0,2777.606911157025,2022-02-23,2022,2,23,2
2/23/2022,Clothing,5.0,2777.606911157025,2022-02-23,2022,2,23,2
2/23/2022,Electronics,87.0,3872.21,2022-02-23,2022,2,23,2
2/24/2022,Electronics,163.0,3749.85,2022-02-24,2022,2,24,3
2/24/2022,Clothing,175.0,2935.78,2022-02-24,2022,2,24,3
2/25/2022,Clothing,97.0,1660.59,2022-02-25,2022,2,25,4
2/25/2022,Electronics,145.0,3224.18,2022-02-25,2022,2,25,4
2/25/2022,Electronics,191.0,2385.67,2022-02-25,2022,2,25,4
2/26/2022,Clothing,146.0,2718.15,2022-02-26,2022,2,26,5
2/27/2022,Electronics,62.0,4665.62,2022-02-27,2022,2,27,6
2/27/2022,Electronics,62.0,2083.55,2022-02-27,2022,2,27,6
2/28/2022,Electronics,191.0,2777.606911157025,2022-02-28,2022,2,28,0
2/28/2022,Electronics,41.0,702.82,2022-02-28,2022,2,28,0
3/1/2022,Electronics,185.0,1894.24,2022-03-01,2022,3,1,1
3/2/2022,Electronics,22.0,2953.15,2022-03-02,2022,3,2,2
3/2/2022,Clothing,172.0,4262.4,2022-03-02,2022,3,2,2
3/2/2022,Clothing,95.0,2765.98,2022-03-02,2022,3,2,2
3/3/2022,Clothing,96.0,4863.03,2022-03-03,2022,3,3,3
3/3/2022,Clothing,196.0,2142.97,2022-03-03,2022,3,3,3
3/3/2022,Clothing,100.33503575076608,3413.34,2022-03-03,2022,3,3,3
3/4/2022,Clothing,166.0,4602.46,2022-03-04,2022,3,4,4
3/4/2022,Clothing,11.0,1755.24,2022-03-04,2022,3,4,4
3/4/2022,Electronics,152.0,4490.78,2022-03-04,2022,3,4,4
3/4/2022,Electronics,193.0,885.91,2022-03-04,2022,3,4,4
3/5/2022,Clothing,161.0,1752.45,2022-03-05,2022,3,5,5
3/5/2022,Clothing,84.0,1779.34,2022-03-05,2022,3,5,5
3/5/2022,Clothing,62.0,4323.25,2022-03-05,2022,3,5,5
3/6/2022,Clothing,18.0,3400.68,2022-03-06,2022,3,6,6
3/6/2022,Clothing,78.0,3874.46,2022-03-06,2022,3,6,6
3/6/2022,Clothing,91.0,4555.13,2022-03-06,2022,3,6,6
3/7/2022,Clothing,59.0,2269.34,2022-03-07,2022,3,7,0
3/8/2022,Electronics,172.0,1425.45,2022-03-08,2022,3,8,1
3/8/2022,Electronics,87.0,4552.8,2022-03-08,2022,3,8,1
3/8/2022,Electronics,165.0,3822.39,2022-03-08,2022,3,8,1
3/8/2022,Electronics,145.0,1459.14,2022-03-08,2022,3,8,1
3/8/2022,Clothing,177.0,2377.72,2022-03-08,2022,3,8,1
3/9/2022,Electronics,153.0,3856.51,2022-03-09,2022,3,9,2
3/9/2022,Electronics,145.0,4036.04,2022-03-09,2022,3,9,2
3/9/2022,Electronics,196.0,2310.78,2022-03-09,2022,3,9,2
3/9/2022,Clothing,38.0,2257.29,2022-03-09,2022,3,9,2
3/10/2022,Electronics,17.0,580.12,2022-03-10,2022,3,10,3
3/10/2022,Clothing,184.0,4650.82,2022-03-10,2022,3,10,3
3/11/2022,Electronics,31.0,2847.45,2022-03-11,2022,3,11,4
3/11/2022,Clothing,169.0,3402.96,2022-03-11,2022,3,11,4
3/12/2022,Electronics,181.0,1665.38,2022-03-12,2022,3,12,5
3/12/2022,Clothing,163.0,2777.606911157025,2022-03-12,2022,3,12,5
3/13/2022,Clothing,169.0,3050.56,2022-03-13,2022,3,13,6
3/14/2022,Clothing,95.0,4547.86,2022-03-14,2022,3,14,0
3/14/2022,Clothing,78.0,2265.23,2022-03-14,2022,3,14,0
3/14/2022,Electronics,14.0,2979.86,2022-03-14,2022,3,14,0
3/15/2022,Clothing,47.0,2983.54,2022-03-15,2022,3,15,1
3/15/2022,Electronics,80.0,3266.81,2022-03-15,2022,3,15,1
3/15/2022,Electronics,132.0,3568.85,2022-03-15,2022,3,15,1
3/15/2022,Electronics,93.0,625.38,2022-03-15,2022,3,15,1
3/16/2022,Electronics,186.0,3233.44,2022-03-16,2022,3,16,2
3/16/2022,Clothing,108.0,4045.31,2022-03-16,2022,3,16,2
3/17/2022,Electronics,142.0,3621.57,2022-03-17,2022,3,17,3
3/18/2022,Clothing,29.0,1761.24,2022-03-18,2022,3,18,4
3/18/2022,Electronics,115.0,759.78,2022-03-18,2022,3,18,4
3/19/2022,Electronics,167.0,3759.84,2022-03-19,2022,3,19,5
3/20/2022,Electronics,32.0,2268.81,2022-03-20,2022,3,20,6
3/20/2022,Electronics,79.0,4849.47,2022-03-20,2022,3,20,6
3/21/2022,Clothing,186.0,4032.01,2022-03-21,2022,3,21,0
3/21/2022,Clothing,52.0,3385.09,2022-03-21,2022,3,21,0
3/21/2022,Clothing,36.0,4986.41,2022-03-21,2022,3,21,0
3/21/2022,Clothing,189.0,2842.96,2022-03-21,2022,3,21,0
3/22/2022,Electronics,106.0,4752.36,2022-03-22,2022,3,22,1
3/23/2022,Clothing,154.0,3218.95,2022-03-23,2022,3,23,2
3/24/2022,Electronics,134.0,3344.09,2022-03-24,2022,3,24,3
3/24/2022,Clothing,25.0,4073.76,2022-03-24,2022,3,24,3
3/25/2022,Clothing,63.0,3995.95,2022-03-25,2022,3,25,4
3/25/2022,Electronics,45.0,3210.06,2022-03-25,2022,3,25,4
3/25/2022,Electronics,150.0,511.77,2022-03-25,2022,3,25,4
3/27/2022,Electronics,13.0,3098.06,2022-03-27,2022,3,27,6
3/27/2022,Clothing,145.0,2462.95,2022-03-27,2022,3,27,6
3/27/2022,Electronics,21.0,2239.13,2022-03-27,2022,3,27,6
3/28/2022,Electronics,92.0,2777.606911157025,2022-03-28,2022,3,28,0
3/28/2022,Clothing,100.33503575076608,2146.33,2022-03-28,2022,3,28,0
3/28/2022,Clothing,149.0,4902.82,2022-03-28,2022,3,28,0
3/29/2022,Electronics,100.0,3830.45,2022-03-29,2022,3,29,1
3/31/2022,Electronics,137.0,2589.29,2022-03-31,2022,3,31,3
4/1/2022,Electronics,135.0,1208.56,2022-04-01,2022,4,1,4
4/1/2022,Electronics,144.0,1123.34,2022-04-01,2022,4,1,4
4/2/2022,Electronics,34.0,2681.71,2022-04-02,2022,4,2,5
4/2/2022,Electronics,162.0,3911.57,2022-04-02,2022,4,2,5
4/2/2022,Clothing,102.0,3763.37,2022-04-02,2022,4,2,5
4/2/2022,Electronics,62.0,888.19,2022-04-02,2022,4,2,5
4/2/2022,Clothing,32.0,1100.46,2022-04-02,2022,4,2,5
4/3/2022,Clothing,92.0,3249.2,2022-04-03,2022,4,3,6
4/3/2022,Clothing,110.0,3604.08,2022-04-03,2022,4,3,6
4/3/2022,Clothing,58.0,760.94,2022-04-03,2022,4,3,6
4/3/2022,Clothing,178.0,4310.05,2022-04-03,2022,4,3,6
4/4/2022,Electronics,54.0,957.3,2022-04-04,2022,4,4,0
4/4/2022,Electronics,194.0,3818.71,2022-04-04,2022,4,4,0
4/4/2022,Clothing,90.0,745.35,2022-04-04,2022,4,4,0
4/5/2022,Clothing,114.0,2935.97,2022-04-05,2022,4,5,1
4/6/2022,Electronics,19.0,4994.86,2022-04-06,2022,4,6,2
4/6/2022,Electronics,75.0,4164.19,2022-04-06,2022,4,6,2
4/6/2022,Clothing,160.0,1407.03,2022-04-06,2022,4,6,2
4/6/2022,Clothing,15.0,1246.57,2022-04-06,2022,4,6,2
4/7/2022,Clothing,7.0,3951.4,2022-04-07,2022,4,7,3
4/8/2022,Electronics,74.0,662.87,2022-04-08,2022,4,8,4
4/8/2022,Electronics,26.0,2583.81,2022-04-08,2022,4,8,4
4/10/2022,Clothing,130.0,4254.46,2022-04-10,2022,4,10,6
4/10/2022,Electronics,173.0,2886.27,2022-04-10,2022,4,10,6
4/11/2022,Electronics,8.0,4527.8,2022-04-11,2022,4,11,0
4/12/2022,Clothing,53.0,3413.84,2022-04-12,2022,4,12,1
4/12/2022,Clothing,27.0,3238.04,2022-04-12,2022,4,12,1
4/13/2022,Electronics,112.0,1214.32,2022-04-13,2022,4,13,2
4/13/2022,Clothing,132.0,3292.08,2022-04-13,2022,4,13,2
4/14/2022,Electronics,68.0,2728.83,2022-04-14,2022,4,14,3
4/14/2022,Electronics,45.0,3999.73,2022-04-14,2022,4,14,3
4/16/2022,Clothing,13.0,2961.64,2022-04-16,2022,4,16,5
4/16/2022,Clothing,85.0,2849.73,2022-04-16,2022,4,16,5
4/16/2022,Clothing,173.0,2366.81,2022-04-16,2022,4,16,5
4/17/2022,Clothing,111.0,905.24,2022-04-17,2022,4,17,6
4/17/2022,Clothing,92.0,1045.61,2022-04-17,2022,4,17,6
4/18/2022,Electronics,184.0,1842.35,2022-04-18,2022,4,18,0
4/18/2022,Electronics,143.0,4257.82,2022-04-18,2022,4,18,0
4/18/2022,Electronics,15.0,3325.13,2022-04-18,2022,4,18,0
4/18/2022,Clothing,106.0,1971.91,2022-04-18,2022,4,18,0
4/19/2022,Clothing,109.0,3798.94,2022-04-19,2022,4,19,1
4/19/2022,Clothing,78.0,4858.05,2022-04-19,2022,4,19,1
4/19/2022,Clothing,56.0,4667.75,2022-04-19,2022,4,19,1
4/19/2022,Clothing,74.0,4069.14,2022-04-19,2022,4,19,1
4/21/2022,Electronics,148.0,4065.97,2022-04-21,2022,4,21,3
4/21/2022,Electronics,26.0,4055.24,2022-04-21,2022,4,21,3
4/22/2022,Clothing,136.0,833.95,2022-04-22,2022,4,22,4
4/23/2022,Clothing,3.0,1360.74,2022-04-23,2022,4,23,5
4/24/2022,Clothing,146.0,4816.62,2022-04-24,2022,4,24,6
4/24/2022,Electronics,151.0,2556.99,2022-04-24,2022,4,24,6
4/24/2022,Electronics,81.0,666.22,2022-04-24,2022,4,24,6
4/25/2022,Clothing,110.0,4468.77,2022-04-25,2022,4,25,0
4/25/2022,Electronics,91.0,2855.91,2022-04-25,2022,4,25,0
4/26/2022,Clothing,90.0,4811.68,2022-04-26,2022,4,26,1
4/26/2022,Clothing,86.0,1220.83,2022-04-26,2022,4,26,1
4/26/2022,Clothing,68.0,4141.93,2022-04-26,2022,4,26,1
4/27/2022,Electronics,159.0,3335.7,2022-04-27,2022,4,27,2
4/28/2022,Electronics,134.0,3615.33,2022-04-28,2022,4,28,3
4/28/2022,Electronics,138.0,4335.91,2022-04-28,2022,4,28,3
4/28/2022,Clothing,33.0,2777.606911157025,2022-04-28,2022,4,28,3
4/29/2022,Electronics,136.0,3888.32,2022-04-29,2022,4,29,4
4/29/2022,Electronics,65.0,2627.4,2022-04-29,2022,4,29,4
4/30/2022,Clothing,135.0,2258.42,2022-04-30,2022,4,30,5
4/30/2022,Clothing,117.0,3643.52,2022-04-30,2022,4,30,5
5/1/2022,Clothing,93.0,2968.02,2022-05-01,2022,5,1,6
5/2/2022,Clothing,83.0,4010.15,2022-05-02,2022,5,2,0
5/2/2022,Electronics,114.0,2286.65,2022-05-02,2022,5,2,0
5/2/2022,Clothing,96.0,4362.14,2022-05-02,2022,5,2,0
5/3/2022,Clothing,104.0,2181.52,2022-05-03,2022,5,3,1
5/3/2022,Clothing,164.0,1541.09,2022-05-03,2022,5,3,1
5/4/2022,Electronics,68.0,516.16,2022-05-04,2022,5,4,2
5/5/2022,Electronics,73.0,596.16,2022-05-05,2022,5,5,3
5/5/2022,Electronics,184.0,1045.37,2022-05-05,2022,5,5,3
5/5/2022,Clothing,155.0,1079.99,2022-05-05,2022,5,5,3
5/7/2022,Clothing,124.0,2777.606911157025,2022-05-07,2022,5,7,5
5/7/2022,Clothing,5.0,4960.95,2022-05-07,2022,5,7,5
5/7/2022,Electronics,61.0,3902.28,2022-05-07,2022,5,7,5
5/8/2022,Clothing,11.0,2662.32,2022-05-08,2022,5,8,6
5/9/2022,Clothing,154.0,982.05,2022-05-09,2022,5,9,0
5/9/2022,Clothing,128.0,3545.03,2022-05-09,2022,5,9,0
5/10/2022,Electronics,182.0,976.99,2022-05-10,2022,5,10,1
5/10/2022,Clothing,30.0,2657.38,2022-05-10,2022,5,10,1
5/11/2022,Clothing,185.0,1522.79,2022-05-11,2022,5,11,2
5/11/2022,Clothing,59.0,4465.63,2022-05-11,2022,5,11,2
5/12/2022,Clothing,97.0,624.93,2022-05-12,2022,5,12,3
5/12/2022,Electronics,50.0,1159.32,2022-05-12,2022,5,12,3
5/13/2022,Clothing,55.0,4266.58,2022-05-13,2022,5,13,4
5/14/2022,Electronics,27.0,2601.22,2022-05-14,2022,5,14,5
5/14/2022,Clothing,51.0,4907.15,2022-05-14,2022,5,14,5
5/15/2022,Clothing,163.0,3770.84,2022-05-15,2022,5,15,6
5/15/2022,Electronics,20.0,1589.56,2022-05-15,2022,5,15,6
5/15/2022,Electronics,171.0,1721.49,2022-05-15,2022,5,15,6
5/15/2022,Electronics,168.0,2777.606911157025,2022-05-15,2022,5,15,6
5/17/2022,Clothing,115.0,3064.55,2022-05-17,2022,5,17,1
5/17/2022,Clothing,194.0,3085.41,2022-05-17,2022,5,17,1
5/19/2022,Electronics,1.0,2664.81,2022-05-19,2022,5,19,3
5/19/2022,Clothing,40.0,1623.88,2022-05-19,2022,5,19,3
5/20/2022,Clothing,154.0,884.62,2022-05-20,2022,5,20,4
5/20/2022,Electronics,157.0,3902.45,2022-05-20,2022,5,20,4
5/20/2022,Clothing,119.0,4352.22,2022-05-20,2022,5,20,4
5/23/2022,Electronics,144.0,2777.606911157025,2022-05-23,2022,5,23,0
5/23/2022,Electronics,51.0,4348.18,2022-05-23,2022,5,23,0
5/23/2022,Clothing,111.0,3605.45,2022-05-23,2022,5,23,0
5/23/2022,Clothing,175.0,748.58,2022-05-23,2022,5,23,0
5/23/2022,Electronics,74.0,4267.8,2022-05-23,2022,5,23,0
5/24/2022,Clothing,195.0,4375.75,2022-05-24,2022,5,24,1
5/24/2022,Clothing,69.0,2777.606911157025,2022-05-24,2022,5,24,1
5/24/2022,Clothing,32.0,1618.8,2022-05-24,2022,5,24,1
5/24/2022,Electronics,130.0,4195.47,2022-05-24,2022,5,24,1
5/25/2022,Electronics,86.0,1229.05,2022-05-25,2022,5,25,2
5/25/2022,Electronics,154.0,540.42,2022-05-25,2022,5,25,2
5/25/2022,Electronics,193.0,2496.66,2022-05-25,2022,5,25,2
5/25/2022,Electronics,67.0,4575.82,2022-05-25,2022,5,25,2
5/26/2022,Clothing,100.33503575076608,3832.83,2022-05-26,2022,5,26,3
5/27/2022,Clothing,172.0,1084.52,2022-05-27,2022,5,27,4
5/27/2022,Clothing,164.0,4756.32,2022-05-27,2022,5,27,4
5/27/2022,Electronics,107.0,2331.27,2022-05-27,2022,5,27,4
5/28/2022,Electronics,127.0,1581.41,2022-05-28,2022,5,28,5
5/29/2022,Electronics,25.0,1195.44,2022-05-29,2022,5,29,6
5/29/2022,Clothing,100.33503575076608,1579.03,2022-05-29,2022,5,29,6
5/29/2022,Clothing,128.0,2859.34,2022-05-29,2022,5,29,6
5/29/2022,Clothing,19.0,1948.36,2022-05-29,2022,5,29,6
5/30/2022,Clothing,58.0,4860.95,2022-05-30,2022,5,30,0
5/30/2022,Electronics,190.0,1533.63,2022-05-30,2022,5,30,0
5/30/2022,Electronics,123.0,1115.68,2022-05-30,2022,5,30,0
5/30/2022,Clothing,82.0,4828.51,2022-05-30,2022,5,30,0
5/31/2022,Electronics,25.0,1877.95,2022-05-31,2022,5,31,1
5/31/2022,Clothing,49.0,1685.23,2022-05-31,2022,5,31,1
5/31/2022,Clothing,34.0,802.87,2022-05-31,2022,5,31,1
6/1/2022,Electronics,177.0,1174.63,2022-06-01,2022,6,1,2
6/1/2022,Electronics,40.0,1085.25,2022-06-01,2022,6,1,2
6/3/2022,Electronics,115.0,2707.3,2022-06-03,2022,6,3,4
6/3/2022,Electronics,103.0,559.17,2022-06-03,2022,6,3,4
6/3/2022,Electronics,65.0,788.56,2022-06-03,2022,6,3,4
6/3/2022,Clothing,150.0,2777.606911157025,2022-06-03,2022,6,3,4
6/3/2022,Clothing,111.0,4018.93,2022-06-03,2022,6,3,4
6/4/2022,Electronics,90.0,4988.34,2022-06-04,2022,6,4,5
6/4/2022,Clothing,156.0,3386.71,2022-06-04,2022,6,4,5
6/4/2022,Clothing,92.0,4570.6,2022-06-04,2022,6,4,5
6/4/2022,Electronics,78.0,1936.15,2022-06-04,2022,6,4,5
6/5/2022,Clothing,161.0,3613.23,2022-06-05,2022,6,5,6
6/6/2022,Clothing,98.0,3252.76,2022-06-06,2022,6,6,0
6/6/2022,Clothing,36.0,2638.43,2022-06-06,2022,6,6,0
6/7/2022,Clothing,97.0,4460.28,2022-06-07,2022,6,7,1
6/7/2022,Clothing,74.0,2048.82,2022-06-07,2022,6,7,1
6/7/2022,Electronics,138.0,4703.9,2022-06-07,2022,6,7,1
6/8/2022,Clothing,16.0,4123.2,2022-06-08,2022,6,8,2
6/10/2022,Clothing,199.0,694.33,2022-06-10,2022,6,10,4
6/10/2022,Clothing,51.0,4459.47,2022-06-10,2022,6,10,4
6/11/2022,Electronics,19.0,3071.04,2022-06-11,2022,6,11,5
6/11/2022,Clothing,183.0,4244.96,2022-06-11,2022,6,11,5
6/12/2022,Electronics,137.0,4021.11,2022-06-12,2022,6,12,6
6/12/2022,Electronics,20.0,4862.94,2022-06-12,2022,6,12,6
6/13/2022,Electronics,4.0,4509.51,2022-06-13,2022,6,13,0
6/14/2022,Electronics,151.0,1469.3,2022-06-14,2022,6,14,1
6/14/2022,Electronics,68.0,2797.34,2022-06-14,2022,6,14,1
6/14/2022,Electronics,167.0,1863.96,2022-06-14,2022,6,14,1
6/14/2022,Electronics,141.0,2273.09,2022-06-14,2022,6,14,1
6/15/2022,Clothing,200.0,1803.59,2022-06-15,2022,6,15,2
6/15/2022,Clothing,54.0,3052.25,2022-06-15,2022,6,15,2
6/16/2022,Clothing,169.0,1815.27,2022-06-16,2022,6,16,3
6/16/2022,Clothing,161.0,661.48,2022-06-16,2022,6,16,3
6/17/2022,Clothing,6.0,3027.62,2022-06-17,2022,6,17,4
6/17/2022,Electronics,173.0,1445.56,2022-06-17,2022,6,17,4
6/18/2022,Electronics,90.0,2663.53,2022-06-18,2022,6,18,5
6/19/2022,Clothing,17.0,2777.606911157025,2022-06-19,2022,6,19,6
6/19/2022,Clothing,66.0,4426.62,2022-06-19,2022,6,19,6
6/19/2022,Electronics,112.0,4209.81,2022-06-19,2022,6,19,6
6/20/2022,Electronics,130.0,4923.58,2022-06-20,2022,6,20,0
6/20/2022,Electronics,111.0,4278.31,2022-06-20,2022,6,20,0
6/20/2022,Electronics,44.0,1031.88,2022-06-20,2022,6,20,0
6/21/2022,Clothing,83.0,4316.77,2022-06-21,2022,6,21,1
6/21/2022,Electronics,14.0,4776.62,2022-06-21,2022,6,21,1
6/21/2022,Electronics,31.0,4738.98,2022-06-21,2022,6,21,1
6/21/2022,Electronics,51.0,2410.25,2022-06-21,2022,6,21,1
6/22/2022,Clothing,195.0,1470.1,2022-06-22,2022,6,22,2
6/22/2022,Electronics,48.0,2852.82,2022-06-22,2022,6,22,2
6/23/2022,Clothing,161.0,4808.66,2022-06-23,2022,6,23,3
6/23/2022,Clothing,106.0,3974.51,2022-06-23,2022,6,23,3
6/23/2022,Electronics,42.0,4509.04,2022-06-23,2022,6,23,3
6/23/2022,Clothing,63.0,1045.43,2022-06-23,2022,6,23,3
6/23/2022,Electronics,165.0,3094.43,2022-06-23,2022,6,23,3
6/23/2022,Clothing,73.0,4005.97,2022-06-23,2022,6,23,3
6/24/2022,Electronics,92.0,720.68,2022-06-24,2022,6,24,4
6/24/2022,Electronics,172.0,3789.35,2022-06-24,2022,6,24,4
6/24/2022,Clothing,76.0,3282.58,2022-06-24,2022,6,24,4
6/24/2022,Electronics,88.0,4037.33,2022-06-24,2022,6,24,4
6/25/2022,Electronics,120.0,1458.69,2022-06-25,2022,6,25,5
6/26/2022,Electronics,106.0,3507.02,2022-06-26,2022,6,26,6
6/26/2022,Electronics,198.0,3253.27,2022-06-26,2022,6,26,6
6/27/2022,Electronics,90.0,3170.97,2022-06-27,2022,6,27,0
6/27/2022,Clothing,5.0,735.58,2022-06-27,2022,6,27,0
6/27/2022,Electronics,96.0,3265.15,2022-06-27,2022,6,27,0
6/28/2022,Electronics,15.0,3032.05,2022-06-28,2022,6,28,1
6/29/2022,Electronics,113.0,2509.28,2022-06-29,2022,6,29,2
6/29/2022,Electronics,15.0,4185.97,2022-06-29,2022,6,29,2
6/30/2022,Electronics,190.0,1390.21,2022-06-30,2022,6,30,3
6/30/2022,Clothing,190.0,1025.65,2022-06-30,2022,6,30,3
6/30/2022,Electronics,75.0,1066.68,2022-06-30,2022,6,30,3
7/1/2022,Clothing,41.0,2938.08,2022-07-01,2022,7,1,4
7/1/2022,Electronics,182.0,4272.58,2022-07-01,2022,7,1,4
7/1/2022,Electronics,71.0,3020.81,2022-07-01,2022,7,1,4
7/2/2022,Electronics,86.0,4797.26,2022-07-02,2022,7,2,5
7/2/2022,Electronics,22.0,4390.54,2022-07-02,2022,7,2,5
7/2/2022,Electronics,194.0,2996.9,2022-07-02,2022,7,2,5
7/2/2022,Clothing,138.0,4688.59,2022-07-02,2022,7,2,5
7/3/2022,Clothing,39.0,1175.59,2022-07-03,2022,7,3,6
7/3/2022,Clothing,43.0,3268.53,2022-07-03,2022,7,3,6
7/3/2022,Electronics,20.0,706.18,2022-07-03,2022,7,3,6
7/3/2022,Clothing,18.0,501.17,2022-07-03,2022,7,3,6
7/4/2022,Clothing,110.0,2720.55,2022-07-04,2022,7,4,0
7/4/2022,Electronics,182.0,2592.14,2022-07-04,2022,7,4,0
7/4/2022,Electronics,42.0,4973.98,2022-07-04,2022,7,4,0
7/4/2022,Clothing,104.0,977.26,2022-07-04,2022,7,4,0
7/4/2022,Clothing,72.0,4459.38,2022-07-04,2022,7,4,0
7/4/2022,Electronics,178.0,3867.78,2022-07-04,2022,7,4,0
7/5/2022,Electronics,187.0,3640.39,2022-07-05,2022,7,5,1
7/5/2022,Clothing,156.0,1257.84,2022-07-05,2022,7,5,1
7/5/2022,Electronics,67.0,2826.6,2022-07-05,2022,7,5,1
7/7/2022,Electronics,116.0,1991.75,2022-07-07,2022,7,7,3
7/7/2022,Electronics,10.0,766.91,2022-07-07,2022,7,7,3
7/7/2022,Clothing,158.0,1071.21,2022-07-07,2022,7,7,3
7/7/2022,Clothing,160.0,2276.05,2022-07-07,2022,7,7,3
7/9/2022,Clothing,28.0,2442.26,2022-07-09,2022,7,9,5
7/9/2022,Electronics,142.0,1064.18,2022-07-09,2022,7,9,5
7/11/2022,Clothing,139.0,2029.19,2022-07-11,2022,7,11,0
7/11/2022,Clothing,28.0,4276.71,2022-07-11,2022,7,11,0
7/11/2022,Electronics,73.0,4554.4,2022-07-11,2022,7,11,0
7/11/2022,Clothing,175.0,1209.61,2022-07-11,2022,7,11,0
7/11/2022,Clothing,119.0,3876.29,2022-07-11,2022,7,11,0
7/13/2022,Clothing,180.0,1212.48,2022-07-13,2022,7,13,2
7/13/2022,Electronics,118.0,1827.55,2022-07-13,2022,7,13,2
7/13/2022,Electronics,144.0,4290.44,2022-07-13,2022,7,13,2
7/14/2022,Clothing,120.0,4439.09,2022-07-14,2022,7,14,3
7/14/2022,Electronics,22.0,3571.54,2022-07-14,2022,7,14,3
7/14/2022,Clothing,156.0,3517.89,2022-07-14,2022,7,14,3
7/15/2022,Clothing,85.0,4603.4,2022-07-15,2022,7,15,4
7/15/2022,Electronics,162.0,1985.4,2022-07-15,2022,7,15,4
7/16/2022,Electronics,95.0,2118.91,2022-07-16,2022,7,16,5
7/17/2022,Electronics,5.0,2746.0,2022-07-17,2022,7,17,6
7/17/2022,Electronics,11.0,4713.1,2022-07-17,2022,7,17,6
7/18/2022,Electronics,18.0,2643.77,2022-07-18,2022,7,18,0
7/20/2022,Clothing,9.0,733.56,2022-07-20,2022,7,20,2
7/20/2022,Clothing,92.0,4770.84,2022-07-20,2022,7,20,2
7/21/2022,Clothing,59.0,3665.13,2022-07-21,2022,7,21,3
7/21/2022,Electronics,58.0,660.47,2022-07-21,2022,7,21,3
7/22/2022,Clothing,13.0,2773.78,2022-07-22,2022,7,22,4
7/23/2022,Clothing,60.0,3241.54,2022-07-23,2022,7,23,5
7/23/2022,Electronics,34.0,4247.1,2022-07-23,2022,7,23,5
7/23/2022,Electronics,148.0,1704.79,2022-07-23,2022,7,23,5
7/24/2022,Electronics,62.0,2339.26,2022-07-24,2022,7,24,6
7/24/2022,Electronics,191.0,2679.75,2022-07-24,2022,7,24,6
7/24/2022,Clothing,183.0,3498.06,2022-07-24,2022,7,24,6
7/24/2022,Clothing,143.0,1663.8,2022-07-24,2022,7,24,6
7/25/2022,Clothing,175.0,2909.5,2022-07-25,2022,7,25,0
7/25/2022,Electronics,25.0,4862.57,2022-07-25,2022,7,25,0
7/26/2022,Electronics,56.0,3445.41,2022-07-26,2022,7,26,1
7/26/2022,Clothing,108.0,2860.74,2022-07-26,2022,7,26,1
7/26/2022,Clothing,100.33503575076608,690.77,2022-07-26,2022,7,26,1
7/27/2022,Clothing,101.0,4868.11,2022-07-27,2022,7,27,2
7/27/2022,Clothing,66.0,3580.72,2022-07-27,2022,7,27,2
7/28/2022,Electronics,149.0,2184.4,2022-07-28,2022,7,28,3
7/28/2022,Clothing,135.0,1708.1,2022-07-28,2022,7,28,3
7/28/2022,Clothing,14.0,999.2,2022-07-28,2022,7,28,3
7/28/2022,Electronics,55.0,3768.82,2022-07-28,2022,7,28,3
7/28/2022,Clothing,100.33503575076608,1151.94,2022-07-28,2022,7,28,3
7/29/2022,Electronics,140.0,2189.13,2022-07-29,2022,7,29,4
7/30/2022,Electronics,183.0,4696.88,2022-07-30,2022,7,30,5
7/30/2022,Electronics,112.0,3904.16,2022-07-30,2022,7,30,5
7/30/2022,Clothing,133.0,4957.15,2022-07-30,2022,7,30,5
7/30/2022,Electronics,126.0,3999.16,2022-07-30,2022,7,30,5
7/31/2022,Clothing,100.33503575076608,3495.91,2022-07-31,2022,7,31,6
7/31/2022,Clothing,145.0,4963.53,2022-07-31,2022,7,31,6
8/1/2022,Electronics,34.0,1110.92,2022-08-01,2022,8,1,0
8/2/2022,Electronics,198.0,4444.38,2022-08-02,2022,8,2,1
8/2/2022,Electronics,69.0,2441.49,2022-08-02,2022,8,2,1
8/2/2022,Electronics,27.0,4928.1,2022-08-02,2022,8,2,1
8/3/2022,Electronics,44.0,3787.32,2022-08-03,2022,8,3,2
8/3/2022,Electronics,151.0,1553.69,2022-08-03,2022,8,3,2
8/3/2022,Electronics,177.0,1383.62,2022-08-03,2022,8,3,2
8/4/2022,Electronics,46.0,3008.01,2022-08-04,2022,8,4,3
8/4/2022,Clothing,38.0,3847.89,2022-08-04,2022,8,4,3
8/4/2022,Clothing,101.0,2519.21,2022-08-04,2022,8,4,3
8/5/2022,Electronics,179.0,1030.24,2022-08-05,2022,8,5,4
8/5/2022,Electronics,57.0,3814.55,2022-08-05,2022,8,5,4
8/5/2022,Electronics,143.0,631.26,2022-08-05,2022,8,5,4
8/6/2022,Clothing,19.0,2229.3,2022-08-06,2022,8,6,5
8/8/2022,Clothing,146.0,3884.16,2022-08-08,2022,8,8,0
8/8/2022,Electronics,126.0,2777.606911157025,2022-08-08,2022,8,8,0
8/9/2022,Electronics,141.0,3211.44,2022-08-09,2022,8,9,1
8/9/2022,Clothing,97.0,1146.11,2022-08-09,2022,8,9,1
8/10/2022,Clothing,118.0,1674.63,2022-08-10,2022,8,10,2
8/11/2022,Clothing,37.0,2726.13,2022-08-11,2022,8,11,3
8/11/2022,Clothing,40.0,2675.06,2022-08-11,2022,8,11,3
8/11/2022,Electronics,53.0,2867.87,2022-08-11,2022,8,11,3
8/11/2022,Electronics,87.0,4301.36,2022-08-11,2022,8,11,3
8/11/2022,Electronics,159.0,4022.36,2022-08-11,2022,8,11,3
8/12/2022,Electronics,140.0,2406.75,2022-08-12,2022,8,12,4
8/12/2022,Clothing,0.0,3456.18,2022-08-12,2022,8,12,4
8/12/2022,Clothing,101.0,1245.84,2022-08-12,2022,8,12,4
8/13/2022,Clothing,85.0,2312.95,2022-08-13,2022,8,13,5
8/13/2022,Clothing,187.0,1298.53,2022-08-13,2022,8,13,5
8/13/2022,Clothing,19.0,782.29,2022-08-13,2022,8,13,5
8/13/2022,Clothing,107.0,2204.34,2022-08-13,2022,8,13,5
8/13/2022,Clothing,151.0,817.72,2022-08-13,2022,8,13,5
8/14/2022,Electronics,163.0,1780.56,2022-08-14,2022,8,14,6
8/14/2022,Electronics,62.0,4102.01,2022-08-14,2022,8,14,6
8/14/2022,Electronics,155.0,1492.29,2022-08-14,2022,8,14,6
8/15/2022,Clothing,53.0,2777.606911157025,2022-08-15,2022,8,15,0
8/15/2022,Electronics,158.0,861.15,2022-08-15,2022,8,15,0
8/16/2022,Electronics,26.0,684.17,2022-08-16,2022,8,16,1
8/17/2022,Electronics,99.0,513.26,2022-08-17,2022,8,17,2
8/17/2022,Clothing,74.0,1945.0,2022-08-17,2022,8,17,2
8/17/2022,Clothing,183.0,2695.71,2022-08-17,2022,8,17,2
8/17/2022,Electronics,40.0,4764.31,2022-08-17,2022,8,17,2
8/18/2022,Clothing,77.0,4905.41,2022-08-18,2022,8,18,3
8/18/2022,Clothing,4.0,4383.34,2022-08-18,2022,8,18,3
8/19/2022,Electronics,101.0,4639.19,2022-08-19,2022,8,19,4
8/20/2022,Electronics,100.33503575076608,2557.77,2022-08-20,2022,8,20,5
8/20/2022,Electronics,86.0,3152.24,2022-08-20,2022,8,20,5
8/21/2022,Electronics,100.33503575076608,4954.71,2022-08-21,2022,8,21,6
8/21/2022,Electronics,194.0,4240.21,2022-08-21,2022,8,21,6
8/22/2022,Electronics,66.0,988.78,2022-08-22,2022,8,22,0
8/22/2022,Clothing,8.0,4215.91,2022-08-22,2022,8,22,0
8/22/2022,Electronics,5.0,861.07,2022-08-22,2022,8,22,0
8/22/2022,Clothing,168.0,3592.28,2022-08-22,2022,8,22,0
8/23/2022,Electronics,87.0,1677.92,2022-08-23,2022,8,23,1
8/23/2022,Electronics,23.0,687.71,2022-08-23,2022,8,23,1
8/24/2022,Electronics,134.0,641.12,2022-08-24,2022,8,24,2
8/25/2022,Electronics,186.0,1617.45,2022-08-25,2022,8,25,3
8/25/2022,Electronics,25.0,903.03,2022-08-25,2022,8,25,3
8/25/2022,Electronics,164.0,628.08,2022-08-25,2022,8,25,3
8/25/2022,Electronics,67.0,1795.25,2022-08-25,2022,8,25,3
8/25/2022,Electronics,63.0,1877.36,2022-08-25,2022,8,25,3
8/26/2022,Clothing,67.0,1242.59,2022-08-26,2022,8,26,4
8/26/2022,Electronics,121.0,4698.29,2022-08-26,2022,8,26,4
8/26/2022,Clothing,199.0,1860.08,2022-08-26,2022,8,26,4
8/26/2022,Clothing,81.0,4701.82,2022-08-26,2022,8,26,4
8/27/2022,Clothing,31.0,3501.45,2022-08-27,2022,8,27,5
8/27/2022,Clothing,91.0,2165.07,2022-08-27,2022,8,27,5
8/27/2022,Clothing,176.0,2621.07,2022-08-27,2022,8,27,5
8/28/2022,Electronics,96.0,4346.82,2022-08-28,2022,8,28,6
8/29/2022,Electronics,158.0,3082.12,2022-08-29,2022,8,29,0
8/29/2022,Electronics,33.0,2803.21,2022-08-29,2022,8,29,0
8/29/2022,Clothing,100.33503575076608,2777.606911157025,2022-08-29,2022,8,29,0
8/30/2022,Clothing,99.0,2777.606911157025,2022-08-30,2022,8,30,1
8/31/2022,Electronics,200.0,2297.14,2022-08-31,2022,8,31,2
8/31/2022,Clothing,94.0,3657.08,2022-08-31,2022,8,31,2
9/1/2022,Electronics,101.0,1976.73,2022-09-01,2022,9,1,3
9/1/2022,Electronics,100.33503575076608,2207.49,2022-09-01,2022,9,1,3
9/2/2022,Electronics,163.0,2443.33,2022-09-02,2022,9,2,4
9/2/2022,Electronics,104.0,1893.98,2022-09-02,2022,9,2,4
9/2/2022,Clothing,21.0,4207.99,2022-09-02,2022,9,2,4
9/2/2022,Electronics,135.0,4605.4,2022-09-02,2022,9,2,4
9/2/2022,Electronics,43.0,2875.15,2022-09-02,2022,9,2,4
9/3/2022,Electronics,139.0,3877.07,2022-09-03,2022,9,3,5
9/3/2022,Electronics,145.0,512.62,2022-09-03,2022,9,3,5
9/3/2022,Clothing,34.0,2651.12,2022-09-03,2022,9,3,5
9/3/2022,Electronics,146.0,1437.77,2022-09-03,2022,9,3,5
9/4/2022,Electronics,98.0,1656.43,2022-09-04,2022,9,4,6
9/4/2022,Clothing,52.0,1150.21,2022-09-04,2022,9,4,6
9/4/2022,Clothing,114.0,876.62,2022-09-04,2022,9,4,6
9/5/2022,Electronics,4.0,740.83,2022-09-05,2022,9,5,0
9/5/2022,Clothing,82.0,4209.7,2022-09-05,2022,9,5,0
9/5/2022,Electronics,13.0,2160.13,2022-09-05,2022,9,5,0
9/5/2022,Clothing,91.0,2356.61,2022-09-05,2022,9,5,0
9/6/2022,Electronics,188.0,2078.49,2022-09-06,2022,9,6,1
9/6/2022,Clothing,123.0,3030.95,2022-09-06,2022,9,6,1
9/6/2022,Clothing,190.0,3658.73,2022-09-06,2022,9,6,1
9/6/2022,Electronics,140.0,2738.94,2022-09-06,2022,9,6,1
9/9/2022,Clothing,184.0,2092.48,2022-09-09,2022,9,9,4
9/9/2022,Clothing,51.0,666.48,2022-09-09,2022,9,9,4
9/9/2022,Electronics,146.0,1298.65,2022-09-09,2022,9,9,4
9/10/2022,Electronics,99.0,4941.55,2022-09-10,2022,9,10,5
9/10/2022,Clothing,87.0,1228.17,2022-09-10,2022,9,10,5
9/10/2022,Electronics,84.0,3743.56,2022-09-10,2022,9,10,5
9/10/2022,Electronics,151.0,2405.22,2022-09-10,2022,9,10,5
9/11/2022,Electronics,64.0,4974.49,2022-09-11,2022,9,11,6
9/11/2022,Electronics,26.0,4568.59,2022-09-11,2022,9,11,6
9/11/2022,Electronics,70.0,955.3,2022-09-11,2022,9,11,6
9/12/2022,Clothing,91.0,2698.09,2022-09-12,2022,9,12,0
9/13/2022,Electronics,141.0,3136.06,2022-09-13,2022,9,13,1
9/13/2022,Clothing,91.0,679.22,2022-09-13,2022,9,13,1
9/13/2022,Electronics,59.0,3338.58,2022-09-13,2022,9,13,1
9/13/2022,Clothing,135.0,1420.56,2022-09-13,2022,9,13,1
9/14/2022,Electronics,113.0,1532.17,2022-09-14,2022,9,14,2
9/14/2022,Clothing,106.0,2630.25,2022-09-14,2022,9,14,2
9/14/2022,Clothing,84.0,3222.79,2022-09-14,2022,9,14,2
9/14/2022,Clothing,107.0,3197.44,2022-09-14,2022,9,14,2
9/14/2022,Electronics,18.0,3450.49,2022-09-14,2022,9,14,2
9/16/2022,Clothing,152.0,3899.42,2022-09-16,2022,9,16,4
9/16/2022,Clothing,52.0,2296.47,2022-09-16,2022,9,16,4
9/17/2022,Clothing,91.0,2130.52,2022-09-17,2022,9,17,5
9/17/2022,Clothing,22.0,4781.47,2022-09-17,2022,9,17,5
9/18/2022,Electronics,103.0,680.24,2022-09-18,2022,9,18,6
9/19/2022,Clothing,18.0,3231.87,2022-09-19,2022,9,19,0
9/19/2022,Clothing,197.0,1829.25,2022-09-19,2022,9,19,0
9/20/2022,Electronics,166.0,3029.02,2022-09-20,2022,9,20,1
9/20/2022,Electronics,175.0,1695.46,2022-09-20,2022,9,20,1
9/21/2022,Clothing,58.0,3000.18,2022-09-21,2022,9,21,2
9/21/2022,Electronics,83.0,1177.13,2022-09-21,2022,9,21,2
9/21/2022,Clothing,100.33503575076608,2777.606911157025,2022-09-21,2022,9,21,2
9/22/2022,Electronics,37.0,1570.18,2022-09-22,2022,9,22,3
9/22/2022,Electronics,5.0,4137.31,2022-09-22,2022,9,22,3
9/22/2022,Electronics,105.0,1187.38,2022-09-22,2022,9,22,3
9/22/2022,Electronics,28.0,681.13,2022-09-22,2022,9,22,3
9/23/2022,Clothing,108.0,794.85,2022-09-23,2022,9,23,4
9/23/2022,Electronics,35.0,979.03,2022-09-23,2022,9,23,4
9/25/2022,Clothing,45.0,2649.02,2022-09-25,2022,9,25,6
9/25/2022,Electronics,122.0,4790.72,2022-09-25,2022,9,25,6
9/26/2022,Electronics,137.0,4147.61,2022-09-26,2022,9,26,0
9/26/2022,Electronics,159.0,4009.68,2022-09-26,2022,9,26,0
9/27/2022,Electronics,93.0,826.32,2022-09-27,2022,9,27,1
9/28/2022,Clothing,165.0,3308.63,2022-09-28,2022,9,28,2
9/28/2022,Clothing,66.0,3034.93,2022-09-28,2022,9,28,2
9/29/2022,Electronics,196.0,4639.62,2022-09-29,2022,9,29,3
9/29/2022,Clothing,98.0,2467.13,2022-09-29,2022,9,29,3
9/29/2022,Clothing,85.0,2987.43,2022-09-29,2022,9,29,3
9/30/2022,Clothing,54.0,2810.93,2022-09-30,2022,9,30,4
9/30/2022,Clothing,150.0,4842.62,2022-09-30,2022,9,30,4
9/30/2022,Clothing,56.0,1125.72,2022-09-30,2022,9,30,4
10/1/2022,Clothing,10.0,1369.81,2022-10-01,2022,10,1,5
10/1/2022,Electronics,59.0,1309.54,2022-10-01,2022,10,1,5
10/2/2022,Clothing,54.0,1876.11,2022-10-02,2022,10,2,6
10/3/2022,Clothing,123.0,4728.84,2022-10-03,2022,10,3,0
10/3/2022,Electronics,80.0,1194.79,2022-10-03,2022,10,3,0
10/4/2022,Clothing,187.0,4315.06,2022-10-04,2022,10,4,1
10/4/2022,Clothing,142.0,1722.65,2022-10-04,2022,10,4,1
10/4/2022,Electronics,54.0,2372.33,2022-10-04,2022,10,4,1
10/4/2022,Electronics,178.0,2616.21,2022-10-04,2022,10,4,1
10/4/2022,Clothing,158.0,3374.83,2022-10-04,2022,10,4,1
10/5/2022,Clothing,157.0,1400.13,2022-10-05,2022,10,5,2
10/5/2022,Clothing,6.0,653.74,2022-10-05,2022,10,5,2
10/6/2022,Clothing,35.0,1009.96,2022-10-06,2022,10,6,3
10/7/2022,Electronics,200.0,1731.27,2022-10-07,2022,10,7,4
10/7/2022,Clothing,103.0,2669.72,2022-10-07,2022,10,7,4
10/8/2022,Electronics,170.0,862.81,2022-10-08,2022,10,8,5
10/9/2022,Electronics,70.0,2777.606911157025,2022-10-09,2022,10,9,6
10/9/2022,Clothing,100.33503575076608,2869.53,2022-10-09,2022,10,9,6
10/10/2022,Electronics,168.0,2929.8,2022-10-10,2022,10,10,0
10/10/2022,Clothing,31.0,4780.96,2022-10-10,2022,10,10,0
10/10/2022,Clothing,31.0,603.34,2022-10-10,2022,10,10,0
10/10/2022,Electronics,152.0,3957.14,2022-10-10,2022,10,10,0
10/10/2022,Clothing,187.0,3709.91,2022-10-10,2022,10,10,0
10/10/2022,Electronics,144.0,2805.31,2022-10-10,2022,10,10,0
10/10/2022,Electronics,112.0,1761.64,2022-10-10,2022,10,10,0
10/12/2022,Clothing,113.0,922.91,2022-10-12,2022,10,12,2
10/12/2022,Electronics,103.0,2913.2,2022-10-12,2022,10,12,2
10/13/2022,Clothing,142.0,2231.25,2022-10-13,2022,10,13,3
10/16/2022,Electronics,147.0,3814.65,2022-10-16,2022,10,16,6
10/16/2022,Electronics,192.0,578.53,2022-10-16,2022,10,16,6
10/16/2022,Electronics,26.0,3463.99,2022-10-16,2022,10,16,6
10/16/2022,Electronics,44.0,3601.2,2022-10-16,2022,10,16,6
10/16/2022,Clothing,36.0,4083.94,2022-10-16,2022,10,16,6
10/17/2022,Clothing,25.0,3157.78,2022-10-17,2022,10,17,0
10/18/2022,Clothing,3.0,2777.606911157025,2022-10-18,2022,10,18,1
10/19/2022,Electronics,176.0,2737.3,2022-10-19,2022,10,19,2
10/19/2022,Electronics,39.0,3931.63,2022-10-19,2022,10,19,2
10/19/2022,Clothing,183.0,4465.43,2022-10-19,2022,10,19,2
10/19/2022,Electronics,0.0,1678.5,2022-10-19,2022,10,19,2
10/20/2022,Electronics,100.33503575076608,4829.33,2022-10-20,2022,10,20,3
10/20/2022,Clothing,154.0,4295.88,2022-10-20,2022,10,20,3
10/22/2022,Electronics,93.0,615.69,2022-10-22,2022,10,22,5
10/23/2022,Clothing,105.0,4329.6,2022-10-23,2022,10,23,6
10/23/2022,Clothing,50.0,606.15,2022-10-23,2022,10,23,6
10/24/2022,Clothing,51.0,3926.31,2022-10-24,2022,10,24,0
10/24/2022,Clothing,19.0,873.18,2022-10-24,2022,10,24,0
10/25/2022,Electronics,167.0,2957.01,2022-10-25,2022,10,25,1
10/25/2022,Electronics,69.0,1518.46,2022-10-25,2022,10,25,1
10/25/2022,Clothing,199.0,1066.52,2022-10-25,2022,10,25,1
10/26/2022,Electronics,164.0,1081.05,2022-10-26,2022,10,26,2
10/26/2022,Electronics,2.0,2857.2,2022-10-26,2022,10,26,2
10/26/2022,Electronics,101.0,3893.16,2022-10-26,2022,10,26,2
10/26/2022,Clothing,128.0,4739.16,2022-10-26,2022,10,26,2
10/27/2022,Clothing,39.0,1631.62,2022-10-27,2022,10,27,3
10/28/2022,Electronics,112.0,2692.42,2022-10-28,2022,10,28,4
10/28/2022,Electronics,173.0,1269.3,2022-10-28,2022,10,28,4
10/28/2022,Clothing,174.0,4143.65,2022-10-28,2022,10,28,4
10/28/2022,Clothing,102.0,624.62,2022-10-28,2022,10,28,4
10/28/2022,Electronics,97.0,716.82,2022-10-28,2022,10,28,4
10/28/2022,Clothing,198.0,1998.66,2022-10-28,2022,10,28,4
10/28/2022,Electronics,190.0,3666.85,2022-10-28,2022,10,28,4
10/29/2022,Electronics,167.0,1503.29,2022-10-29,2022,10,29,5
10/29/2022,Clothing,126.0,686.49,2022-10-29,2022,10,29,5
10/30/2022,Electronics,42.0,4988.64,2022-10-30,2022,10,30,6
10/31/2022,Clothing,15.0,2003.23,2022-10-31,2022,10,31,0
10/31/2022,Electronics,137.0,800.92,2022-10-31,2022,10,31,0
10/31/2022,Electronics,83.0,1244.92,2022-10-31,2022,10,31,0
10/31/2022,Clothing,74.0,3705.15,2022-10-31,2022,10,31,0
11/1/2022,Electronics,169.0,2190.2,2022-11-01,2022,11,1,1
11/2/2022,Clothing,21.0,4892.76,2022-11-02,2022,11,2,2
11/2/2022,Clothing,141.0,3124.37,2022-11-02,2022,11,2,2
11/3/2022,Clothing,57.0,3261.83,2022-11-03,2022,11,3,3
11/3/2022,Electronics,60.0,2121.77,2022-11-03,2022,11,3,3
11/4/2022,Clothing,23.0,2012.81,2022-11-04,2022,11,4,4
11/4/2022,Electronics,149.0,2040.23,2022-11-04,2022,11,4,4
11/4/2022,Clothing,0.0,763.69,2022-11-04,2022,11,4,4
11/4/2022,Clothing,39.0,2393.19,2022-11-04,2022,11,4,4
11/5/2022,Clothing,76.0,4052.58,2022-11-05,2022,11,5,5
11/5/2022,Electronics,125.0,957.3,2022-11-05,2022,11,5,5
11/6/2022,Clothing,74.0,712.74,2022-11-06,2022,11,6,6
11/6/2022,Electronics,80.0,2337.12,2022-11-06,2022,11,6,6
11/6/2022,Electronics,130.0,778.16,2022-11-06,2022,11,6,6
11/7/2022,Clothing,77.0,4990.92,2022-11-07,2022,11,7,0
11/7/2022,Electronics,115.0,2743.98,2022-11-07,2022,11,7,0
11/7/2022,Electronics,37.0,3294.8,2022-11-07,2022,11,7,0
11/7/2022,Electronics,38.0,4851.57,2022-11-07,2022,11,7,0
11/8/2022,Electronics,136.0,3553.62,2022-11-08,2022,11,8,1
11/9/2022,Electronics,135.0,2723.38,2022-11-09,2022,11,9,2
11/10/2022,Electronics,42.0,2358.22,2022-11-10,2022,11,10,3
11/10/2022,Electronics,68.0,2243.32,2022-11-10,2022,11,10,3
11/10/2022,Clothing,44.0,4801.77,2022-11-10,2022,11,10,3
11/11/2022,Clothing,13.0,4332.2,2022-11-11,2022,11,11,4
11/11/2022,Clothing,57.0,1979.8,2022-11-11,2022,11,11,4
11/11/2022,Clothing,194.0,4139.23,2022-11-11,2022,11,11,4
11/11/2022,Electronics,59.0,2602.36,2022-11-11,2022,11,11,4
11/11/2022,Electronics,74.0,689.22,2022-11-11,2022,11,11,4
11/12/2022,Clothing,80.0,3426.58,2022-11-12,2022,11,12,5
11/12/2022,Clothing,112.0,2502.16,2022-11-12,2022,11,12,5
11/12/2022,Clothing,35.0,1061.95,2022-11-12,2022,11,12,5
11/12/2022,Clothing,2.0,995.61,2022-11-12,2022,11,12,5
11/13/2022,Electronics,188.0,1855.68,2022-11-13,2022,11,13,6
11/13/2022,Clothing,155.0,3014.52,2022-11-13,2022,11,13,6
11/14/2022,Clothing,35.0,3919.61,2022-11-14,2022,11,14,0
11/15/2022,Clothing,28.0,1498.43,2022-11-15,2022,11,15,1
11/15/2022,Clothing,191.0,2777.606911157025,2022-11-15,2022,11,15,1
11/16/2022,Clothing,108.0,3910.71,2022-11-16,2022,11,16,2
11/16/2022,Electronics,32.0,3439.2,2022-11-16,2022,11,16,2
11/16/2022,Electronics,150.0,4992.98,2022-11-16,2022,11,16,2
11/16/2022,Electronics,83.0,4471.78,2022-11-16,2022,11,16,2
11/16/2022,Clothing,118.0,748.95,2022-11-16,2022,11,16,2
11/17/2022,Electronics,173.0,4569.81,2022-11-17,2022,11,17,3
11/17/2022,Electronics,153.0,1669.8,2022-11-17,2022,11,17,3
11/18/2022,Clothing,183.0,3666.17,2022-11-18,2022,11,18,4
11/19/2022,Electronics,114.0,1366.71,2022-11-19,2022,11,19,5
11/19/2022,Electronics,94.0,4013.55,2022-11-19,2022,11,19,5
11/20/2022,Clothing,152.0,2720.67,2022-11-20,2022,11,20,6
11/20/2022,Clothing,27.0,1139.25,2022-11-20,2022,11,20,6
11/20/2022,Electronics,143.0,1744.82,2022-11-20,2022,11,20,6
11/21/2022,Electronics,11.0,2777.606911157025,2022-11-21,2022,11,21,0
11/21/2022,Electronics,186.0,1096.29,2022-11-21,2022,11,21,0
11/21/2022,Electronics,184.0,3311.25,2022-11-21,2022,11,21,0
11/22/2022,Electronics,55.0,4205.02,2022-11-22,2022,11,22,1
11/23/2022,Clothing,165.0,1867.55,2022-11-23,2022,11,23,2
11/23/2022,Clothing,140.0,4600.42,2022-11-23,2022,11,23,2
11/23/2022,Clothing,180.0,2186.14,2022-11-23,2022,11,23,2
11/24/2022,Electronics,100.33503575076608,2474.31,2022-11-24,2022,11,24,3
11/24/2022,Electronics,137.0,1689.03,2022-11-24,2022,11,24,3
11/25/2022,Clothing,46.0,2760.62,2022-11-25,2022,11,25,4
11/26/2022,Electronics,69.0,4849.34,2022-11-26,2022,11,26,5
11/26/2022,Electronics,111.0,4247.33,2022-11-26,2022,11,26,5
11/26/2022,Clothing,53.0,4041.48,2022-11-26,2022,11,26,5
11/28/2022,Clothing,59.0,2074.5,2022-11-28,2022,11,28,0
11/28/2022,Electronics,197.0,2641.32,2022-11-28,2022,11,28,0
11/29/2022,Electronics,101.0,3967.76,2022-11-29,2022,11,29,1
11/29/2022,Electronics,119.0,661.82,2022-11-29,2022,11,29,1
11/29/2022,Clothing,36.0,2331.28,2022-11-29,2022,11,29,1
11/30/2022,Electronics,13.0,4395.97,2022-11-30,2022,11,30,2
11/30/2022,Clothing,191.0,1514.38,2022-11-30,2022,11,30,2
11/30/2022,Electronics,60.0,2285.83,2022-11-30,2022,11,30,2
12/1/2022,Electronics,170.0,2380.51,2022-12-01,2022,12,1,3
12/1/2022,Electronics,171.0,1442.93,2022-12-01,2022,12,1,3
12/2/2022,Clothing,109.0,2361.22,2022-12-02,2022,12,2,4
12/3/2022,Clothing,47.0,3870.83,2022-12-03,2022,12,3,5
12/4/2022,Electronics,3.0,1951.3,2022-12-04,2022,12,4,6
12/4/2022,Clothing,93.0,2729.86,2022-12-04,2022,12,4,6
12/4/2022,Clothing,174.0,4886.61,2022-12-04,2022,12,4,6
12/4/2022,Clothing,195.0,2777.606911157025,2022-12-04,2022,12,4,6
12/4/2022,Clothing,20.0,2172.2,2022-12-04,2022,12,4,6
12/5/2022,Electronics,100.33503575076608,2777.606911157025,2022-12-05,2022,12,5,0
12/7/2022,Electronics,164.0,795.95,2022-12-07,2022,12,7,2
12/7/2022,Electronics,36.0,2038.4,2022-12-07,2022,12,7,2
12/8/2022,Electronics,70.0,2777.606911157025,2022-12-08,2022,12,8,3
12/8/2022,Clothing,196.0,4895.98,2022-12-08,2022,12,8,3
12/9/2022,Electronics,194.0,4719.18,2022-12-09,2022,12,9,4
12/9/2022,Clothing,58.0,2886.8,2022-12-09,2022,12,9,4
12/9/2022,Clothing,37.0,4192.91,2022-12-09,2022,12,9,4
12/9/2022,Electronics,130.0,851.59,2022-12-09,2022,12,9,4
12/10/2022,Clothing,112.0,2375.58,2022-12-10,2022,12,10,5
12/10/2022,Clothing,188.0,3974.58,2022-12-10,2022,12,10,5
12/11/2022,Electronics,57.0,2566.82,2022-12-11,2022,12,11,6
12/11/2022,Electronics,148.0,4685.05,2022-12-11,2022,12,11,6
12/11/2022,Electronics,5.0,976.3,2022-12-11,2022,12,11,6
12/12/2022,Electronics,95.0,2777.606911157025,2022-12-12,2022,12,12,0
12/12/2022,Clothing,114.0,4296.55,2022-12-12,2022,12,12,0
12/12/2022,Electronics,64.0,1797.82,2022-12-12,2022,12,12,0
12/13/2022,Electronics,178.0,690.78,2022-12-13,2022,12,13,1
12/13/2022,Clothing,51.0,1615.6,2022-12-13,2022,12,13,1
12/13/2022,Clothing,152.0,2389.82,2022-12-13,2022,12,13,1
12/15/2022,Electronics,185.0,4798.51,2022-12-15,2022,12,15,3
12/15/2022,Clothing,129.0,1111.52,2022-12-15,2022,12,15,3
12/15/2022,Clothing,88.0,1293.57,2022-12-15,2022,12,15,3
12/15/2022,Clothing,179.0,1713.83,2022-12-15,2022,12,15,3
12/15/2022,Clothing,172.0,1325.06,2022-12-15,2022,12,15,3
12/15/2022,Electronics,157.0,1535.92,2022-12-15,2022,12,15,3
12/16/2022,Clothing,11.0,2867.2,2022-12-16,2022,12,16,4
12/18/2022,Clothing,79.0,3076.91,2022-12-18,2022,12,18,6
12/18/2022,Electronics,67.0,4715.98,2022-12-18,2022,12,18,6
12/18/2022,Electronics,76.0,2777.606911157025,2022-12-18,2022,12,18,6
12/20/2022,Clothing,89.0,997.6,2022-12-20,2022,12,20,1
12/21/2022,Electronics,180.0,2334.51,2022-12-21,2022,12,21,2
12/21/2022,Clothing,74.0,4328.71,2022-12-21,2022,12,21,2
12/21/2022,Electronics,46.0,3032.27,2022-12-21,2022,12,21,2
12/21/2022,Electronics,200.0,2827.72,2022-12-21,2022,12,21,2
12/22/2022,Electronics,3.0,3338.55,2022-12-22,2022,12,22,3
12/22/2022,Clothing,188.0,4137.99,2022-12-22,2022,12,22,3
12/22/2022,Clothing,82.0,4082.02,2022-12-22,2022,12,22,3
12/22/2022,Electronics,100.33503575076608,1010.84,2022-12-22,2022,12,22,3
12/22/2022,Electronics,136.0,3961.04,2022-12-22,2022,12,22,3
12/22/2022,Clothing,156.0,4899.32,2022-12-22,2022,12,22,3
12/23/2022,Electronics,68.0,1115.99,2022-12-23,2022,12,23,4
12/23/2022,Electronics,103.0,3089.42,2022-12-23,2022,12,23,4
12/24/2022,Electronics,110.0,4761.44,2022-12-24,2022,12,24,5
12/26/2022,Clothing,13.0,4648.1,2022-12-26,2022,12,26,0
12/28/2022,Clothing,170.0,1800.97,2022-12-28,2022,12,28,2
12/28/2022,Electronics,191.0,4287.91,2022-12-28,2022,12,28,2
12/28/2022,Electronics,50.0,3193.15,2022-12-28,2022,12,28,2
12/28/2022,Electronics,61.0,4659.37,2022-12-28,2022,12,28,2
12/29/2022,Electronics,27.0,3716.57,2022-12-29,2022,12,29,3
12/30/2022,Clothing,165.0,4019.05,2022-12-30,2022,12,30,4
12/30/2022,Clothing,113.0,1416.92,2022-12-30,2022,12,30,4
12/30/2022,Clothing,91.0,4412.58,2022-12-30,2022,12,30,4
12/31/2022,Electronics,93.0,2269.08,2022-12-31,2022,12,31,5
12/31/2022,Clothing,183.0,4859.2,2022-12-31,2022,12,31,5
12/31/2022,Clothing,50.0,1755.13,2022-12-31,2022,12,31,5
1/2/2023,Clothing,75.0,3953.51,2023-01-02,2023,1,2,0
1/5/2023,Electronics,54.0,3897.99,2023-01-05,2023,1,5,3
1/5/2023,Electronics,17.0,4412.61,2023-01-05,2023,1,5,3
1/5/2023,Clothing,144.0,2514.42,2023-01-05,2023,1,5,3
1/6/2023,Electronics,70.0,1001.88,2023-01-06,2023,1,6,4
1/7/2023,Clothing,102.0,4795.64,2023-01-07,2023,1,7,5
1/7/2023,Electronics,106.0,3275.92,2023-01-07,2023,1,7,5
1/8/2023,Clothing,133.0,3108.97,2023-01-08,2023,1,8,6
1/8/2023,Electronics,56.0,2052.98,2023-01-08,2023,1,8,6
1/9/2023,Electronics,124.0,1361.83,2023-01-09,2023,1,9,0
1/10/2023,Electronics,11.0,2225.9,2023-01-10,2023,1,10,1
1/10/2023,Clothing,182.0,3307.28,2023-01-10,2023,1,10,1
1/11/2023,Clothing,157.0,3803.42,2023-01-11,2023,1,11,2
1/11/2023,Clothing,142.0,1074.34,2023-01-11,2023,1,11,2
1/11/2023,Clothing,153.0,1392.8,2023-01-11,2023,1,11,2
1/11/2023,Clothing,172.0,1658.04,2023-01-11,2023,1,11,2
1/11/2023,Electronics,37.0,2410.17,2023-01-11,2023,1,11,2
1/12/2023,Clothing,98.0,4546.92,2023-01-12,2023,1,12,3
1/15/2023,Electronics,196.0,3012.9,2023-01-15,2023,1,15,6
1/16/2023,Electronics,182.0,1322.76,2023-01-16,2023,1,16,0
1/16/2023,Electronics,132.0,2643.65,2023-01-16,2023,1,16,0
1/17/2023,Clothing,143.0,4433.65,2023-01-17,2023,1,17,1
1/17/2023,Clothing,193.0,1948.05,2023-01-17,2023,1,17,1
1/17/2023,Clothing,34.0,3289.2,2023-01-17,2023,1,17,1
1/17/2023,Clothing,180.0,2777.606911157025,2023-01-17,2023,1,17,1
1/17/2023,Electronics,47.0,3856.19,2023-01-17,2023,1,17,1
1/18/2023,Clothing,68.0,1013.32,2023-01-18,2023,1,18,2
1/18/2023,Clothing,100.33503575076608,1112.61,2023-01-18,2023,1,18,2
1/18/2023,Electronics,98.0,2777.606911157025,2023-01-18,2023,1,18,2
1/19/2023,Clothing,26.0,2048.62,2023-01-19,2023,1,19,3
1/19/2023,Electronics,104.0,1374.29,2023-01-19,2023,1,19,3
1/19/2023,Clothing,17.0,3235.21,2023-01-19,2023,1,19,3
1/20/2023,Clothing,43.0,4261.29,2023-01-20,2023,1,20,4
1/20/2023,Electronics,148.0,2655.05,2023-01-20,2023,1,20,4
1/20/2023,Clothing,6.0,4265.6,2023-01-20,2023,1,20,4
1/20/2023,Clothing,2.0,3567.64,2023-01-20,2023,1,20,4
1/21/2023,Electronics,73.0,540.54,2023-01-21,2023,1,21,5
1/22/2023,Electronics,67.0,4686.89,2023-01-22,2023,1,22,6
1/23/2023,Clothing,129.0,3134.12,2023-01-23,2023,1,23,0
1/25/2023,Clothing,90.0,4578.7,2023-01-25,2023,1,25,2
1/25/2023,Electronics,183.0,2591.22,2023-01-25,2023,1,25,2
1/27/2023,Clothing,156.0,3281.09,2023-01-27,2023,1,27,4
1/27/2023,Electronics,123.0,4759.32,2023-01-27,2023,1,27,4
1/28/2023,Electronics,72.0,4526.55,2023-01-28,2023,1,28,5
1/28/2023,Clothing,143.0,3386.88,2023-01-28,2023,1,28,5
1/28/2023,Electronics,110.0,3853.01,2023-01-28,2023,1,28,5
1/28/2023,Clothing,173.0,3947.51,2023-01-28,2023,1,28,5
1/28/2023,Clothing,156.0,2484.08,2023-01-28,2023,1,28,5
1/29/2023,Electronics,157.0,3168.43,2023-01-29,2023,1,29,6
1/30/2023,Electronics,14.0,1991.38,2023-01-30,2023,1,30,0
1/30/2023,Electronics,161.0,2272.01,2023-01-30,2023,1,30,0
1/31/2023,Electronics,76.0,2058.8,2023-01-31,2023,1,31,1
1/31/2023,Clothing,132.0,1802.96,2023-01-31,2023,1,31,1
1/31/2023,Clothing,75.0,1712.37,2023-01-31,2023,1,31,1
1/31/2023,Clothing,28.0,4102.04,2023-01-31,2023,1,31,1
2/1/2023,Clothing,9.0,2658.59,2023-02-01,2023,2,1,2
2/1/2023,Electronics,64.0,3015.3,2023-02-01,2023,2,1,2
2/2/2023,Clothing,72.0,2061.17,2023-02-02,2023,2,2,3
2/2/2023,Electronics,97.0,3381.39,2023-02-02,2023,2,2,3
2/3/2023,Electronics,26.0,3871.07,2023-02-03,2023,2,3,4
2/3/2023,Clothing,94.0,1180.04,2023-02-03,2023,2,3,4
2/4/2023,Clothing,123.0,3719.9,2023-02-04,2023,2,4,5
2/6/2023,Electronics,105.0,4844.68,2023-02-06,2023,2,6,0
2/6/2023,Clothing,190.0,1166.96,2023-02-06,2023,2,6,0
2/6/2023,Clothing,100.0,512.89,2023-02-06,2023,2,6,0
2/6/2023,Clothing,157.0,3152.14,2023-02-06,2023,2,6,0
2/7/2023,Electronics,35.0,3528.68,2023-02-07,2023,2,7,1
2/7/2023,Electronics,52.0,4195.14,2023-02-07,2023,2,7,1
2/7/2023,Electronics,85.0,4065.24,2023-02-07,2023,2,7,1
2/8/2023,Clothing,152.0,3140.84,2023-02-08,2023,2,8,2
2/9/2023,Electronics,144.0,1309.93,2023-02-09,2023,2,9,3
2/9/2023,Electronics,114.0,3296.49,2023-02-09,2023,2,9,3
2/11/2023,Clothing,59.0,4065.84,2023-02-11,2023,2,11,5
2/11/2023,Clothing,63.0,1189.72,2023-02-11,2023,2,11,5
2/11/2023,Clothing,81.0,1553.56,2023-02-11,2023,2,11,5
2/11/2023,Electronics,76.0,3126.09,2023-02-11,2023,2,11,5
2/12/2023,Electronics,19.0,4908.38,2023-02-12,2023,2,12,6
2/12/2023,Electronics,165.0,2639.14,2023-02-12,2023,2,12,6
2/12/2023,Electronics,111.0,2917.36,2023-02-12,2023,2,12,6
2/12/2023,Electronics,53.0,4994.29,2023-02-12,2023,2,12,6
2/13/2023,Electronics,141.0,4605.9,2023-02-13,2023,2,13,0
2/14/2023,Electronics,43.0,2869.97,2023-02-14,2023,2,14,1
2/14/2023,Clothing,36.0,1346.57,2023-02-14,2023,2,14,1
2/15/2023,Clothing,91.0,3263.18,2023-02-15,2023,2,15,2
2/15/2023,Clothing,135.0,3077.27,2023-02-15,2023,2,15,2
2/15/2023,Electronics,98.0,3455.51,2023-02-15,2023,2,15,2
2/16/2023,Clothing,143.0,4546.21,2023-02-16,2023,2,16,3
2/18/2023,Clothing,170.0,4192.94,2023-02-18,2023,2,18,5
2/18/2023,Electronics,103.0,2777.606911157025,2023-02-18,2023,2,18,5
2/19/2023,Electronics,7.0,675.78,2023-02-19,2023,2,19,6
2/19/2023,Electronics,161.0,2205.76,2023-02-19,2023,2,19,6
2/21/2023,Clothing,37.0,3041.74,2023-02-21,2023,2,21,1
2/22/2023,Electronics,12.0,4808.24,2023-02-22,2023,2,22,2
2/23/2023,Electronics,173.0,1032.32,2023-02-23,2023,2,23,3
2/23/2023,Electronics,130.0,1914.26,2023-02-23,2023,2,23,3
2/23/2023,Clothing,137.0,3379.49,2023-02-23,2023,2,23,3
2/23/2023,Electronics,98.0,2022.06,2023-02-23,2023,2,23,3
2/24/2023,Clothing,52.0,521.61,2023-02-24,2023,2,24,4
2/24/2023,Electronics,76.0,4892.3,2023-02-24,2023,2,24,4
2/24/2023,Electronics,111.0,1272.92,2023-02-24,2023,2,24,4
2/25/2023,Electronics,130.0,3978.83,2023-02-25,2023,2,25,5
2/25/2023,Clothing,47.0,4724.38,2023-02-25,2023,2,25,5
2/25/2023,Electronics,33.0,2807.9,2023-02-25,2023,2,25,5
2/26/2023,Electronics,76.0,4415.97,2023-02-26,2023,2,26,6
2/26/2023,Clothing,143.0,3687.57,2023-02-26,2023,2,26,6
2/26/2023,Electronics,183.0,3118.03,2023-02-26,2023,2,26,6
2/26/2023,Electronics,84.0,4189.47,2023-02-26,2023,2,26,6
2/26/2023,Electronics,179.0,1959.6,2023-02-26,2023,2,26,6
2/26/2023,Clothing,145.0,3179.22,2023-02-26,2023,2,26,6
2/27/2023,Electronics,156.0,2891.47,2023-02-27,2023,2,27,0
2/27/2023,Electronics,3.0,3762.82,2023-02-27,2023,2,27,0
2/27/2023,Clothing,147.0,4093.19,2023-02-27,2023,2,27,0
3/1/2023,Electronics,150.0,3864.24,2023-03-01,2023,3,1,2
3/1/2023,Electronics,92.0,1007.37,2023-03-01,2023,3,1,2
3/1/2023,Electronics,175.0,3498.29,2023-03-01,2023,3,1,2
3/2/2023,Electronics,184.0,2777.606911157025,2023-03-02,2023,3,2,3
3/2/2023,Clothing,70.0,3468.38,2023-03-02,2023,3,2,3
3/3/2023,Electronics,174.0,798.44,2023-03-03,2023,3,3,4
3/3/2023,Clothing,21.0,941.7,2023-03-03,2023,3,3,4
3/3/2023,Electronics,94.0,1886.02,2023-03-03,2023,3,3,4
3/3/2023,Clothing,6.0,4964.84,2023-03-03,2023,3,3,4
3/3/2023,Clothing,65.0,2252.93,2023-03-03,2023,3,3,4
3/3/2023,Clothing,154.0,1019.47,2023-03-03,2023,3,3,4
3/4/2023,Clothing,95.0,4230.01,2023-03-04,2023,3,4,5
3/4/2023,Electronics,142.0,1810.12,2023-03-04,2023,3,4,5
3/5/2023,Electronics,102.0,958.95,2023-03-05,2023,3,5,6
3/5/2023,Electronics,197.0,4682.19,2023-03-05,2023,3,5,6
3/5/2023,Electronics,119.0,1860.39,2023-03-05,2023,3,5,6
3/6/2023,Clothing,24.0,563.39,2023-03-06,2023,3,6,0
3/6/2023,Electronics,125.0,1296.41,2023-03-06,2023,3,6,0
3/6/2023,Clothing,47.0,1878.67,2023-03-06,2023,3,6,0
3/6/2023,Electronics,140.0,4799.64,2023-03-06,2023,3,6,0
3/7/2023,Clothing,51.0,4077.04,2023-03-07,2023,3,7,1
3/7/2023,Electronics,100.33503575076608,3044.77,2023-03-07,2023,3,7,1
3/7/2023,Clothing,37.0,4297.66,2023-03-07,2023,3,7,1
3/8/2023,Electronics,187.0,3550.0,2023-03-08,2023,3,8,2
3/8/2023,Clothing,68.0,1479.99,2023-03-08,2023,3,8,2
3/8/2023,Electronics,91.0,709.26,2023-03-08,2023,3,8,2
3/8/2023,Electronics,156.0,4954.63,2023-03-08,2023,3,8,2
3/8/2023,Clothing,169.0,2369.74,2023-03-08,2023,3,8,2
3/9/2023,Clothing,45.0,4673.95,2023-03-09,2023,3,9,3
3/10/2023,Clothing,52.0,882.15,2023-03-10,2023,3,10,4
3/11/2023,Electronics,140.0,1939.01,2023-03-11,2023,3,11,5
3/11/2023,Clothing,198.0,1167.12,2023-03-11,2023,3,11,5
3/12/2023,Electronics,184.0,3790.68,2023-03-12,2023,3,12,6
3/13/2023,Clothing,169.0,2479.78,2023-03-13,2023,3,13,0
3/13/2023,Electronics,167.0,3862.83,2023-03-13,2023,3,13,0
3/14/2023,Clothing,143.0,1834.31,2023-03-14,2023,3,14,1
3/14/2023,Clothing,98.0,3411.18,2023-03-14,2023,3,14,1
3/17/2023,Clothing,143.0,1692.11,2023-03-17,2023,3,17,4
3/17/2023,Clothing,161.0,2818.36,2023-03-17,2023,3,17,4
3/18/2023,Clothing,154.0,2942.36,2023-03-18,2023,3,18,5
3/18/2023,Electronics,160.0,4331.73,2023-03-18,2023,3,18,5
3/18/2023,Electronics,77.0,2678.6,2023-03-18,2023,3,18,5
3/18/2023,Electronics,177.0,2325.9,2023-03-18,2023,3,18,5
3/18/2023,Electronics,17.0,1431.8,2023-03-18,2023,3,18,5
3/19/2023,Electronics,63.0,3119.25,2023-03-19,2023,3,19,6
3/19/2023,Clothing,97.0,4841.26,2023-03-19,2023,3,19,6
3/19/2023,Clothing,142.0,2529.96,2023-03-19,2023,3,19,6
3/19/2023,Electronics,198.0,4584.24,2023-03-19,2023,3,19,6
3/19/2023,Electronics,148.0,2508.51,2023-03-19,2023,3,19,6
3/20/2023,Clothing,103.0,3246.53,2023-03-20,2023,3,20,0
3/20/2023,Clothing,138.0,3248.65,2023-03-20,2023,3,20,0
3/20/2023,Clothing,20.0,2213.39,2023-03-20,2023,3,20,0
3/21/2023,Clothing,33.0,2703.4,2023-03-21,2023,3,21,1
3/21/2023,Clothing,192.0,1332.2,2023-03-21,2023,3,21,1
3/22/2023,Electronics,38.0,3903.65,2023-03-22,2023,3,22,2
3/23/2023,Electronics,107.0,3731.73,2023-03-23,2023,3,23,3
3/23/2023,Electronics,118.0,676.83,2023-03-23,2023,3,23,3
3/24/2023,Electronics,13.0,2499.72,2023-03-24,2023,3,24,4
3/24/2023,Electronics,125.0,652.73,2023-03-24,2023,3,24,4
3/25/2023,Electronics,191.0,3804.57,2023-03-25,2023,3,25,5
3/27/2023,Electronics,71.0,2268.66,2023-03-27,2023,3,27,0
3/27/2023,Clothing,84.0,1921.14,2023-03-27,2023,3,27,0
3/29/2023,Clothing,20.0,3632.81,2023-03-29,2023,3,29,2
3/29/2023,Clothing,138.0,2909.16,2023-03-29,2023,3,29,2
3/29/2023,Clothing,1.0,631.05,2023-03-29,2023,3,29,2
3/29/2023,Clothing,88.0,3090.5,2023-03-29,2023,3,29,2
3/29/2023,Clothing,106.0,4079.94,2023-03-29,2023,3,29,2
3/30/2023,Electronics,76.0,1628.87,2023-03-30,2023,3,30,3
